{"stats":{"minecraft:used":{"minecraft:wheat_seeds":18,"minecraft:stone_sword":101,"minecraft:stone_pickaxe":67,"minecraft:oak_planks":1,"minecraft:wooden_pickaxe":12,"minecraft:iron_sword":14,"minecraft:cooked_chicken":2,"minecraft:rotten_flesh":4,"minecraft:dirt":18,"minecraft:crafting_table":2,"minecraft:carrot":18,"iceandfire:dragonbone_sword":1,"minecraft:bread":3,"iceandfire:dragon_horn":4,"minecraft:stone_axe":38,"minecraft:wooden_sword":17,"minecraft:oak_sapling":4,"minecraft:cooked_porkchop":2,"minecraft:egg":3,"minecraft:potato":3},"minecraft:dropped":{"iceandfire:dragonbone_sword":2,"minecraft:wheat_seeds":5,"iceandfire:ectoplasm":2,"iceandfire:graveyard_soil":20,"iceandfire:ghost_chest":2,"minecraft:wooden_sword":1,"minecraft:beef":2,"iceandfire:dragon_skull_lightning":1,"iceandfire:dragonbone":17},"minecraft:killed":{"minecraft:wandering_trader":1,"minecraft:sheep":4,"minecraft:zombie":2,"iceandfire:ghost":1,"minecraft:chicken":2,"minecraft:cow":1},"minecraft:killed_by":{"minecraft:player":1,"minecraft:creeper":2,"minecraft:zombie":1,"minecraft:enderman":1,"iceandfire:cockatrice":1,"iceandfire:ghost":1},"minecraft:picked_up":{"iceandfire:dragon_skull_lightning":1,"minecraft:crafting_table":1,"minecraft:wheat":3,"iceandfire:witherbone":1,"minecraft:chicken":2,"minecraft:andesite":3,"minecraft:lead":2,"minecraft:potato":2,"minecraft:oak_log":30,"iceandfire:ectoplasm":3,"minecraft:yellow_bed":1,"minecraft:dirt":31,"minecraft:wooden_sword":1,"minecraft:bone":9,"iceandfire:graveyard_soil":20,"minecraft:wheat_seeds":28,"minecraft:gold_nugget":15,"minecraft:iron_ingot":2,"minecraft:beef":4,"minecraft:cooked_chicken":2,"minecraft:oak_planks":1,"minecraft:iron_sword":1,"minecraft:egg":3,"iceandfire:ghost_chest":3,"minecraft:raw_iron":1,"iceandfire:dragonbone":17,"iceandfire:dragon_horn":1,"minecraft:cooked_porkchop":8,"iceandfire:dragonbone_sword":3,"minecraft:carrot":10,"iceandfire:lightning_lily":9,"minecraft:rotten_flesh":4,"minecraft:gray_wool":1,"minecraft:oak_sapling":2,"minecraft:mutton":4,"minecraft:coal":25,"minecraft:white_wool":3,"iceandfire:raw_silver":1,"minecraft:cobblestone":40},"minecraft:crafted":{"minecraft:wooden_sword":1,"minecraft:oak_planks":20,"minecraft:crafting_table":1,"minecraft:wooden_pickaxe":1,"minecraft:stone_axe":1,"minecraft:stick":20,"minecraft:stone_pickaxe":1,"minecraft:stone_sword":1},"minecraft:mined":{"iceandfire:lightning_lily":9,"minecraft:oak_sapling":1,"minecraft:crafting_table":1,"minecraft:grass_block":9,"iceandfire:ghost_chest":1,"minecraft:tall_grass":2,"minecraft:cobblestone":2,"minecraft:oak_planks":1,"minecraft:seagrass":1,"minecraft:tall_seagrass":1,"minecraft:carrots":10,"minecraft:iron_ore":1,"minecraft:wheat":13,"minecraft:andesite":3,"minecraft:yellow_bed":1,"minecraft:grass":27,"minecraft:oak_log":28,"minecraft:potatoes":2,"minecraft:coal_ore":25,"minecraft:dirt":3,"minecraft:stone":34,"minecraft:oak_leaves":5},"minecraft:custom":{"minecraft:mob_kills":12,"minecraft:interact_with_crafting_table":5,"minecraft:leave_game":2,"minecraft:time_since_death":1066,"minecraft:sleep_in_bed":2,"minecraft:climb_one_cm":296,"minecraft:time_since_rest":1104,"minecraft:sprint_one_cm":114086,"minecraft:damage_taken":2755,"minecraft:walk_one_cm":85900,"minecraft:trigger_trapped_chest":1,"minecraft:drop":13,"minecraft:damage_dealt":3116,"minecraft:swim_one_cm":28726,"minecraft:talked_to_villager":2,"minecraft:fly_one_cm":447713,"minecraft:open_chest":2,"minecraft:play_time":59642,"minecraft:deaths":7,"minecraft:sneak_time":178,"minecraft:walk_under_water_one_cm":18292,"minecraft:jump":2055,"minecraft:walk_on_water_one_cm":26821,"minecraft:total_world_time":59642,"minecraft:fall_one_cm":66827}},"DataVersion":3465}