{"stats":{"minecraft:used":{"minecraft:cooked_mutton":4,"iceandfire:silver_sword":7,"minecraft:stone_pickaxe":169,"minecraft:oak_planks":13,"minecraft:wooden_pickaxe":44,"minecraft:iron_sword":31,"iceandfire:dragon_skull_lightning":1,"minecraft:cooked_chicken":7,"minecraft:dirt":6,"minecraft:crafting_table":9,"minecraft:white_bed":2,"iceandfire:dragonegg_blue":1,"iceandfire:dragonbone_sword":53,"minecraft:iron_axe":9,"minecraft:iron_pickaxe":42,"minecraft:cobblestone":31,"minecraft:furnace":9,"minecraft:cooked_porkchop":4,"minecraft:egg":1,"minecraft:cooked_beef":4},"minecraft:dropped":{"iceandfire:dragonbone_sword":2,"minecraft:iron_sword":1,"minecraft:cooked_porkchop":19,"iceandfire:ghost_chest":1,"iceandfire:dragon_horn":1,"minecraft:black_wool":1},"minecraft:broken":{"minecraft:stone_pickaxe":2,"minecraft:wooden_pickaxe":1},"minecraft:killed":{"minecraft:pig":8,"minecraft:spider":1,"minecraft:iron_golem":1,"minecraft:creeper":1,"iceandfire:cockatrice":3,"minecraft:sheep":7,"minecraft:zombie":5,"iceandfire:ghost":5,"minecraft:chicken":5,"minecraft:drowned":3,"minecraft:enderman":1,"minecraft:cow":10},"minecraft:killed_by":{"minecraft:creeper":1,"minecraft:spider":1,"minecraft:zombie":2,"minecraft:enderman":1},"minecraft:picked_up":{"iceandfire:dragon_skull_lightning":2,"minecraft:crafting_table":6,"minecraft:feather":3,"iceandfire:witherbone":3,"minecraft:chicken":5,"minecraft:leather":11,"minecraft:oak_log":13,"minecraft:dirt":6,"minecraft:raw_copper":3,"minecraft:wheat_seeds":5,"minecraft:beef":22,"minecraft:iron_ingot":3,"minecraft:cooked_chicken":4,"minecraft:poppy":2,"minecraft:sugar_cane":7,"minecraft:egg":2,"minecraft:furnace":6,"minecraft:stick":2,"minecraft:raw_iron":3,"iceandfire:ghost_chest":1,"iceandfire:dragonbone":24,"minecraft:cooked_porkchop":12,"minecraft:pumpkin":1,"iceandfire:dragonbone_sword":1,"minecraft:porkchop":14,"minecraft:grass_block":1,"minecraft:white_bed":1,"iceandfire:silver_ingot":2,"minecraft:rotten_flesh":19,"iceandfire:dragonegg_blue":1,"minecraft:gold_ingot":2,"minecraft:black_wool":1,"minecraft:oak_sapling":4,"minecraft:mutton":9,"minecraft:coal":38,"iceandfire:raw_silver":1,"minecraft:white_wool":6,"minecraft:cobblestone":61},"minecraft:crafted":{"minecraft:cooked_beef":4,"iceandfire:dragonbone_sword":2,"minecraft:oak_planks":52,"minecraft:cooked_porkchop":11,"minecraft:crafting_table":3,"minecraft:wooden_pickaxe":1,"minecraft:cooked_chicken":3,"minecraft:iron_sword":1,"minecraft:furnace":3,"minecraft:cooked_mutton":4,"minecraft:air":0,"minecraft:iron_axe":1,"minecraft:stick":12,"minecraft:iron_ingot":3,"minecraft:iron_pickaxe":1,"minecraft:stone_pickaxe":2,"iceandfire:dragon_horn":1,"minecraft:white_bed":1},"minecraft:mined":{"minecraft:white_bed":1,"iceandfire:silver_ore":2,"minecraft:crafting_table":6,"minecraft:grass_block":5,"minecraft:tall_grass":4,"minecraft:cobblestone":3,"minecraft:sugar_cane":4,"minecraft:furnace":6,"minecraft:iron_ore":3,"minecraft:pumpkin":2,"minecraft:grass":40,"minecraft:oak_log":15,"minecraft:coal_ore":26,"minecraft:dirt":6,"minecraft:stone":62,"minecraft:oak_leaves":3},"minecraft:custom":{"minecraft:interact_with_furnace":62,"minecraft:mob_kills":51,"minecraft:interact_with_crafting_table":23,"minecraft:leave_game":2,"minecraft:time_since_death":17840,"minecraft:sleep_in_bed":2,"minecraft:climb_one_cm":788,"minecraft:time_since_rest":17870,"minecraft:sprint_one_cm":184729,"minecraft:damage_taken":2670,"minecraft:walk_one_cm":100683,"minecraft:trigger_trapped_chest":3,"minecraft:drop":15,"minecraft:damage_dealt":8136,"minecraft:swim_one_cm":20250,"minecraft:talked_to_villager":1,"minecraft:player_kills":1,"minecraft:fly_one_cm":354401,"minecraft:crouch_one_cm":7121,"minecraft:play_time":61531,"minecraft:deaths":5,"minecraft:sneak_time":2926,"minecraft:walk_under_water_one_cm":11775,"minecraft:jump":1387,"minecraft:walk_on_water_one_cm":12701,"minecraft:total_world_time":61531,"minecraft:fall_one_cm":44304}},"DataVersion":3465}